Object(s),Event,Timecode,Time,X,Y,Z,PLD Error,Re-projection Error,Nearest Camera Distance,Screen coordinates (may be multiple columns)
Subsample_1 1 (Omykiss),Drift_Forage 1,0:00:01:30.395/60000,90.006584,-23.078009,3.411723,11.938233,0.0186,0.885927,67.143173,
Subsample_1 1 (Omykiss),Drift_Forage 6,0:00:01:39.395/60000,99.006584,-27.44252,10.006479,14.518783,0.053283,0.764072,74.681534,
Subsample_1 1 (Omykiss),Length 2,0:00:01:30.395/60000,90.006584,-18.950041,6.755794,10.529785,0.004967,0.637388,68.2258,
Subsample_1 1 (Omykiss),Drift_Forage 3,0:00:01:33.395/60000,93.006584,-22.973185,5.415001,12.786056,0.022406,1.789358,68.668419,
Subsample_1 1 (Omykiss),Length 7,0:00:01:39.395/60000,99.006584,-22.945206,13.005167,13.348141,0.040346,1.430833,75.160034,
Subsample_1 1 (Omykiss),Drift_Forage 9,0:00:01:45.395/60000,105.006584,-31.508133,7.744561,11.626307,0.018227,1.508775,75.388588,
Subsample_1 1 (Omykiss),Length 7,0:00:01:39.395/60000,99.006584,-27.532124,10.152152,14.516888,0.053881,0.934072,74.851952,
Subsample_1 1 (Omykiss),Length 2,0:00:01:30.395/60000,90.006584,-23.125475,3.414605,11.937645,0.01862,1.127889,67.170418,
Subsample_1 1 (Omykiss),Drift_Forage 5,0:00:01:36.395/60000,96.006584,-22.106491,6.173606,13.333946,0.026645,1.393456,68.814903,
Subsample_1 1 (Omykiss),Drift_Forage 8,0:00:01:42.395/60000,102.006584,-29.527451,8.890507,12.267792,0.025181,0.955628,75.12368,
Subsample_1 1 (Omykiss),Length 4,0:00:01:33.395/60000,93.006584,-23.028484,5.46195,12.81004,0.022649,1.409419,68.733391,
Subsample_1 1 (Omykiss),Length 4,0:00:01:33.395/60000,93.006584,-19.138937,9.035925,10.736446,0.005451,1.520961,70.28421,
Subsample_1 1 (Omykiss),Drift_Forage 10,0:00:01:48.395/60000,108.006584,-33.15905,6.767259,12.171721,0.02338,1.654821,75.504524,
Subsample_1 1 (Omykiss),Drift_Forage 12,0:00:01:54.395/60000,114.006584,-33.479637,6.812507,10.638883,0.0096,0.907184,75.93988,
Subsample_1 1 (Omykiss),Drift_Forage 13,0:00:01:57.395/60000,117.006584,-32.608955,6.793159,9.348812,0.00277,0.814099,75.60717,
Subsample_1 1 (Omykiss),Drift_Forage 14,0:00:02:00.395/60000,120.006584,-32.140171,7.141226,11.228156,0.014355,0.721384,75.325134,
Subsample_1 1 (Omykiss),Drift_Forage 14,0:00:01:57.395/60000,117.006584,-32.60495,6.731676,9.386993,0.002291,0.67077,75.549919,
Subsample_1 1 (Omykiss),Drift_Forage 11,0:00:01:51.395/60000,111.006584,-33.763794,5.878051,12.061245,0.021761,1.678114,75.181831,
Subsample_1 2 (Omykiss),Search_Forage 15,0:00:01:30.395/60000,90.006584,-7.026154,34.834404,26.76869,0.249933,2.369714,90.056145,
Subsample_1 2 (Omykiss),Search_Forage 16,0:00:01:33.395/60000,93.006584,-19.101324,40.421997,26.564219,0.387123,2.79315,98.613228,
Subsample_1 2 (Omykiss),Search_Forage 17,0:00:01:36.395/60000,96.006584,-26.246796,44.470341,30.144695,0.532413,2.460347,105.070427,
Subsample_1 2 (Omykiss),Drift_Forage 18,0:00:01:39.395/60000,99.006584,-31.34922,41.58667,28.209734,0.523005,0.640135,104.268822,
Subsample_1 2 (Omykiss),Drift_Forage 19,0:00:01:42.395/60000,102.006584,-33.984299,42.365936,29.23527,0.567863,2.699786,106.157623,
Subsample_1 2 (Omykiss),Drift_Forage 20,0:00:01:45.395/60000,105.006584,-34.051712,42.753422,29.325544,0.572823,1.289236,106.54158,
Subsample_1 2 (Omykiss),Drift_Forage 21,0:00:01:48.395/60000,108.006584,-34.114788,42.872814,29.447214,0.576496,2.348807,106.684952,
Surface_Shots 3,Point 22,0:00:01:45.395/60000,105.006584,-35.732254,49.73653,33.790504,0.718533,2.676049,113.945168,
Surface_Shots 3,Point 23,0:00:01:45.395/60000,105.006584,-13.290481,39.544514,34.941586,0.425429,3.235166,96.88446,
Subsample_1 2 (Omykiss),Drift_Forage 24,0:00:01:51.395/60000,111.006584,-33.821335,42.798191,29.379492,0.572436,2.33022,106.486595,
Subsample_1 2 (Omykiss),Drift_Forage 25,0:00:01:54.395/60000,114.006584,-33.336456,42.583626,29.357468,0.566835,0.788204,106.084198,
Subsample_1 2 (Omykiss),Drift_Forage 26,0:00:01:57.395/60000,117.006584,-33.651917,42.813026,29.410383,0.571845,1.915505,106.429558,
Subsample_1 2 (Omykiss),Drift_Forage 27,0:00:02:00.395/60000,120.006584,-34.055374,43.040688,29.425312,0.576781,1.70304,106.808762,
Subsample_1 4 (Omykiss),Drift_Forage 33,0:00:01:42.395/60000,102.006584,23.362726,24.858883,23.597343,0.07023,2.214938,73.779663,
Subsample_1 2 (Omykiss),Length 29,0:00:01:27.26241/60000,87.437347,2.218484,33.565933,24.996496,0.139959,2.628508,87.231239,
Subsample_1 4 (Omykiss),Length 32,0:00:01:39.395/60000,99.006584,28.53071,21.037294,21.139654,0.084773,1.311086,69.068398,
Subsample_1 2 (Omykiss),Length 29,0:00:01:27.26241/60000,87.437347,8.787364,32.998322,25.106462,0.074756,2.398672,85.925499,
Subsample_1 4 (Omykiss),Length 35,0:00:01:44.43277/60000,104.721283,19.489031,25.899748,23.406546,0.037824,1.451881,75.761917,
Subsample_1 4 (Omykiss),Drift_Forage 34,0:00:01:45.395/60000,105.006584,18.514069,25.507168,23.272663,0.030818,1.575513,75.659744,
Subsample_1 4 (Omykiss),Search_Forage 31,0:00:01:39.395/60000,99.006584,28.572575,20.982519,21.084307,0.08445,1.484837,69.009842,
Subsample_1 2 (Omykiss),Length 28,0:00:01:30.395/60000,90.006584,-7.073681,35.291523,26.875401,0.253468,1.761324,90.518356,
Subsample_1 4 (Omykiss),Search_Forage 36,0:00:01:48.395/60000,108.006584,16.835274,17.660643,18.810835,0.028027,0.928095,68.936317,
Subsample_1 4 (Omykiss),Search_Forage 30,0:00:01:36.395/60000,96.006584,40.772434,16.246338,23.405752,0.150092,0.099025,63.221516,
Subsample_1 4 (Omykiss),Length 32,0:00:01:39.395/60000,99.006584,33.094406,19.809216,21.139259,0.102738,1.393733,67.224274,
Subsample_1 4 (Omykiss),Length 35,0:00:01:44.43277/60000,104.721283,24.189924,26.374716,24.397224,0.079638,2.16896,75.07341,
Subsample_1 2 (Omykiss),Length 28,0:00:01:30.395/60000,90.006584,-0.377999,35.01564,26.710835,0.182143,3.348861,89.072426,
Subsample_1 4 (Omykiss),Length 38,0:00:01:51.395/60000,111.006584,3.847452,13.193074,19.615524,0.024101,0.150593,66.775963,
Subsample_1 4 (Omykiss),Search_Forage 37,0:00:01:51.395/60000,111.006584,3.826874,13.366543,19.605042,0.024581,0.414277,66.95089,
Subsample_1 4 (Omykiss),Search_Forage 41,0:00:02:00.395/60000,120.006584,23.678432,22.044739,17.393818,0.035324,1.413592,71.289268,
Subsample_1 4 (Omykiss),Search_Forage 40,0:00:01:57.395/60000,117.006584,4.88524,13.714439,12.339429,0.023696,0.881848,67.792458,
Subsample_1 4 (Omykiss),Search_Forage 39,0:00:01:54.395/60000,114.006584,-9.188037,10.832491,15.312627,0.030094,0.270846,67.587967,
Subsample_1 4 (Omykiss),Length 38,0:00:01:51.395/60000,111.006584,8.581307,13.020511,20.477131,0.00291,0.98404,66.177681,
Subsample_2 5 (Omykiss),Drift_Forage 42,0:00:02:00.395/60000,120.006584,-32.126385,7.132728,11.203806,0.014112,0.996051,75.313667,
Subsample_2 5 (Omykiss),Drift_Forage 45,0:00:02:06.395/60000,126.006584,-31.156258,7.701831,12.292812,0.02484,1.665705,75.065643,
Subsample_2 5 (Omykiss),Drift_Forage 46,0:00:02:09.395/60000,129.006577,-30.863628,7.890131,11.275361,0.014208,1.02888,75.185127,
Subsample_2 5 (Omykiss),Length 44,0:00:02:03.395/60000,123.006584,-28.622322,11.262589,11.298312,0.01561,0.317321,76.734131,
Subsample_2 5 (Omykiss),Drift_Forage 43,0:00:02:03.395/60000,123.006584,-31.402906,6.582304,13.228374,0.032037,1.498725,74.193329,
Subsample_2 5 (Omykiss),Length 44,0:00:02:03.395/60000,123.006584,-31.480724,6.723391,13.229035,0.032358,1.681053,74.352112,
Subsample_2 5 (Omykiss),Length 47,0:00:02:09.395/60000,129.006577,-27.126999,11.897041,9.820051,0.006309,0.405752,76.707771,
Subsample_2 5 (Omykiss),Drift_Forage 48,0:00:02:12.395/60000,132.006577,-28.615021,8.571738,11.28907,0.012777,0.986518,74.490196,
Subsample_2 5 (Omykiss),Length 47,0:00:02:09.395/60000,129.006577,-30.910727,7.935756,11.259085,0.014087,0.929361,75.251167,
Subsample_2 5 (Omykiss),Drift_Forage 49,0:00:02:15.395/60000,135.006577,-26.301426,9.017186,11.50047,0.013104,0.619046,73.603012,
Subsample_2 5 (Omykiss),Length 51,0:00:02:18.395/60000,138.006577,-21.055923,12.153026,9.248067,0.022974,0.089675,74.123062,
Subsample_2 5 (Omykiss),Length 51,0:00:02:18.395/60000,138.006577,-23.724031,7.20221,10.749427,0.002392,0.656507,70.858391,
Subsample_2 5 (Omykiss),Drift_Forage 50,0:00:02:18.395/60000,138.006577,-23.687634,7.152688,10.748343,0.002403,0.608725,70.798134,
Subsample_2 5 (Omykiss),Drift_Forage 53,0:00:02:24.395/60000,144.006577,-21.526276,5.270853,13.399899,0.026349,1.241441,67.74308,
Subsample_2 5 (Omykiss),Drift_Forage 52,0:00:02:21.395/60000,141.006577,-22.16151,6.15907,12.159154,0.015681,0.623115,68.982018,
Subsample_2 5 (Omykiss),Drift_Forage 54,0:00:02:27.395/60000,147.006577,-21.072355,5.538324,14.664489,0.036897,1.478118,67.608421,
Subsample_2 5 (Omykiss),Drift_Forage 55,0:00:02:30.395/60000,150.006577,-21.357321,4.887283,12.851006,0.021748,1.194187,67.3992,
Subsample_2 6 (Omykiss),Drift_Forage 56,0:00:02:00.395/60000,120.006584,-34.104053,42.914009,29.444729,0.576652,1.645784,106.717178,
Subsample_2 6 (Omykiss),Drift_Forage 57,0:00:02:03.395/60000,123.006584,-34.367905,43.147938,29.204493,0.575574,1.958229,107.024261,
Subsample_2 6 (Omykiss),Drift_Forage 58,0:00:02:06.395/60000,126.006584,-31.707382,38.683304,24.608328,0.435114,1.506463,101.626328,
Subsample_2 6 (Omykiss),Search_Forage 59,0:00:02:09.395/60000,129.006577,-11.089192,36.657261,17.124126,0.16788,2.126989,92.731926,
Subsample_2 6 (Omykiss),Search_Forage 60,0:00:02:12.395/60000,132.006577,22.345396,28.578291,17.454411,0.01508,2.789518,77.921066,
Subsample_2 6 (Omykiss),Search_Forage 61,0:00:02:15.395/60000,135.006577,71.237396,62.993378,24.199121,0.181792,2.734081,114.253738,
Subsample_2 6 (Omykiss),Search_Forage 62,0:00:02:18.395/60000,138.006577,82.37207,80.302994,33.584347,0.484013,2.703068,134.401474,
Subsample_2 6 (Omykiss),Length 64,0:00:02:12.25938/60000,132.432297,30.485334,31.795752,17.908411,0.033746,0.394889,79.609238,
Subsample_2 6 (Omykiss),Length 63,0:00:02:10.58851/60000,130.98085,6.246089,30.461313,15.096695,0.042982,1.995248,83.974342,
Subsample_2 6 (Omykiss),Length 63,0:00:02:10.58851/60000,130.98085,0.434557,29.235126,15.153055,0.057871,2.720796,83.349709,
Subsample_2 6 (Omykiss),Length 64,0:00:02:12.25938/60000,132.432297,24.336611,31.512959,17.539206,0.01318,0.432616,80.345383,
Subsample_2 7 (Omykiss),Length 70,0:00:02:04.39472/60000,124.657867,8.48172,14.494285,10.781163,0.032906,0.192435,68.516968,
Subsample_2 7 (Omykiss),Length 69,0:00:02:06.395/60000,126.006584,19.606174,16.757505,9.324735,0.013669,1.050923,68.600975,
Subsample_2 7 (Omykiss),Length 70,0:00:02:04.39472/60000,124.657867,13.290414,14.066298,10.397497,0.030874,0.162518,68.085564,
Subsample_2 7 (Omykiss),Length 67,0:00:02:00.59252/60000,120.987534,18.943569,24.95875,18.303564,0.01718,1.108999,75.235435,
Subsample_2 7 (Omykiss),Search_Forage 66,0:00:02:03.395/60000,123.006584,10.057391,19.583582,13.718589,0.011052,0.588762,73.105164,
Subsample_2 7 (Omykiss),Length 67,0:00:02:00.59252/60000,120.987534,23.713783,26.020029,19.101597,0.037217,1.843672,75.001701,
Subsample_2 7 (Omykiss),Search_Forage 65,0:00:02:00.395/60000,120.006584,23.657663,22.01553,17.350163,0.035065,1.80595,71.269981,
Subsample_2 7 (Omykiss),Search_Forage 68,0:00:02:06.395/60000,126.006584,19.665714,16.520994,9.403399,0.014024,1.265046,68.346367,
Subsample_2 7 (Omykiss),Length 69,0:00:02:06.395/60000,126.006584,14.864485,16.15103,9.563986,0.026737,0.263264,69.570419,
Subsample_3 8 (Omykiss),Drift_Forage 73,0:00:03:36.395/60000,216.006577,-31.45393,6.434896,13.962059,0.03814,2.023205,74.024574,
Subsample_3 8 (Omykiss),Drift_Forage 72,0:00:03:33.395/60000,213.006577,-30.434814,6.915797,12.922447,0.029489,1.367044,73.938469,
Subsample_3 8 (Omykiss),Drift_Forage 71,0:00:03:30.395/60000,210.006577,-29.963449,7.097096,11.618945,0.016848,1.18517,73.983322,
Subsample_3 8 (Omykiss),Drift_Forage 83,0:00:03:51.395/60000,231.006577,-31.058008,8.80574,12.581199,0.029811,1.219261,75.871201,
Surface_Shots 3,Point 77,0:00:03:36.395/60000,216.006577,-33.492268,50.907364,34.087822,0.709045,2.861533,114.124855,
Subsample_3 8 (Omykiss),Length 75,0:00:03:39.395/60000,219.006577,-31.797333,6.924437,12.831063,0.029192,1.596462,74.744759,
Subsample_3 8 (Omykiss),Drift_Forage 81,0:00:03:45.395/60000,225.006577,-30.60993,8.76667,11.919057,0.021864,1.375215,75.669029,
Subsample_3 8 (Omykiss),Length 76,0:00:03:36.395/60000,216.006577,-27.687153,10.076513,12.48098,0.028093,1.249199,75.092255,
Subsample_3 8 (Omykiss),Drift_Forage 82,0:00:03:48.395/60000,228.006577,-30.966528,8.702211,12.639673,0.030195,1.330517,75.727974,
Subsample_3 8 (Omykiss),Drift_Forage 86,0:00:03:57.395/60000,237.006577,-31.268032,7.971519,13.074303,0.033506,1.810526,75.254669,
Subsample_3 8 (Omykiss),Length 85,0:00:03:54.395/60000,234.006577,-27.565512,12.061073,12.249346,0.029147,0.574397,76.73391,
Surface_Shots 3,Point 78,0:00:03:36.395/60000,216.006577,-13.386827,39.590023,34.938046,0.426879,3.306047,96.952576,
Subsample_3 8 (Omykiss),Length 85,0:00:03:54.395/60000,234.006577,-31.401455,8.301408,13.516319,0.039121,1.765175,75.549744,
Subsample_3 8 (Omykiss),Drift_Forage 87,0:00:04:00.395/60000,240.006577,-30.586563,8.554869,12.418899,0.027168,1.32528,75.419853,
Subsample_3 8 (Omykiss),Drift_Forage 80,0:00:03:42.395/60000,222.006577,-30.989958,8.011254,12.309785,0.025364,1.505912,75.219261,
Subsample_3 8 (Omykiss),Length 75,0:00:03:39.395/60000,219.006577,-28.145365,10.66075,11.363223,0.015055,1.354019,75.968979,
Subsample_3 8 (Omykiss),Length 76,0:00:03:36.395/60000,216.006577,-31.526899,6.481519,13.933913,0.038041,1.989863,74.107735,
Subsample_3 8 (Omykiss),Drift_Forage 84,0:00:03:54.395/60000,234.006577,-31.343084,8.262635,13.553599,0.039378,1.962541,75.480766,
Subsample_3 8 (Omykiss),Drift_Forage 74,0:00:03:39.395/60000,219.006577,-31.698435,6.894128,12.883967,0.029594,1.2215,74.65638,
Surface_Shots 3,Point 79,0:00:06:06.28887/60000,366.481445,28.682749,-1.413342,35.610039,0.211676,6.333454,48.363914,
Subsample_3 9 (Omykiss),Drift_Forage 88,0:00:03:30.395/60000,210.006577,28.500837,20.519726,24.184092,0.117922,1.417171,68.496895,
Subsample_3 10 (Okisutch),Search_Forage 99,0:00:03:45.395/60000,225.006577,50.478569,33.408245,3.902659,0.281901,2.319388,83.525551,
Subsample_3 9 (Omykiss),Search_Forage 97,0:00:03:49.395/60000,229.006577,40.545143,10.021884,18.700928,0.066067,0.168293,57.252872,
Subsample_3 9 (Omykiss),Length 98,0:00:03:49.395/60000,229.006577,40.547451,9.95861,18.679771,0.065634,0.400441,57.191929,
Subsample_3 9 (Omykiss),Length 98,0:00:03:49.395/60000,229.006577,35.71632,10.331262,18.038792,0.063271,0.748451,57.80191,
Subsample_3 9 (Omykiss),Length 90,0:00:03:33.395/60000,213.006577,22.090992,26.656487,23.58453,0.056723,1.728591,75.824791,
Subsample_3 9 (Omykiss),Length 94,0:00:03:42.19326/60000,222.322098,-1.374086,11.422688,12.245813,0.01797,0.32775,66.511772,
Subsample_3 9 (Omykiss),Search_Forage 93,0:00:03:42.395/60000,222.006577,0.518677,12.591192,12.550055,0.017449,0.395662,67.257309,
Subsample_3 9 (Omykiss),Search_Forage 91,0:00:03:36.395/60000,216.006577,12.65782,23.679113,21.58633,0.008854,0.902213,75.875572,
Subsample_3 9 (Omykiss),Search_Forage 92,0:00:03:39.395/60000,219.006577,1.11995,15.664955,17.770964,0.030306,0.19857,69.678749,
Subsample_3 9 (Omykiss),Drift_Forage 89,0:00:03:33.395/60000,213.006577,22.060797,26.8734,23.569561,0.055882,1.473036,76.042747,
Subsample_3 9 (Omykiss),Search_Forage 95,0:00:03:45.395/60000,225.006577,14.009833,21.358189,16.558275,0.008296,1.688883,73.574081,
Subsample_3 10 (Okisutch),Search_Forage 100,0:00:03:48.395/60000,228.006577,37.036655,36.654034,1.314986,0.224775,4.36053,86.747765,
Subsample_3 9 (Omykiss),Length 90,0:00:03:33.395/60000,213.006577,26.634703,25.260807,24.165483,0.097956,0.975572,73.494453,
Subsample_3 9 (Omykiss),Length 94,0:00:03:42.19326/60000,222.322098,3.064624,12.927191,12.567598,0.020782,0.360256,67.20089,
Subsample_3 9 (Omykiss),Search_Forage 96,0:00:03:48.395/60000,228.006577,32.998287,11.675905,16.902779,0.050982,0.781528,59.531757,
Subsample_3 10 (Okisutch),Search_Forage 101,0:00:03:51.395/60000,231.006577,23.502205,20.466698,1.84553,0.042384,2.110573,72.97403,
Subsample_3 10 (Okisutch),Search_Forage 102,0:00:03:54.395/60000,234.006577,35.924854,22.852163,4.152395,0.133729,2.250546,72.760094,
Subsample_3 10 (Okisutch),Drift_Forage 105,0:00:03:57.395/60000,237.006577,41.214928,23.678543,5.68892,0.153927,1.648576,73.031136,
Subsample_3 10 (Okisutch),Length 103,0:00:03:51.41888/60000,231.698135,27.997654,21.642744,2.965226,0.076505,2.209891,72.845093,
Subsample_3 10 (Okisutch),Length 106,0:00:03:57.395/60000,237.006577,34.205925,23.444355,4.563413,0.115945,2.34089,73.338203,
Subsample_3 10 (Okisutch),Length 106,0:00:03:57.395/60000,237.006577,41.206047,23.586451,5.678555,0.153835,2.057715,72.944565,
Subsample_3 10 (Okisutch),Length 104,0:00:03:52.1908/60000,232.031799,29.455,21.615843,3.274792,0.086193,2.08351,72.499641,
Subsample_3 10 (Okisutch),Length 104,0:00:03:52.1908/60000,232.031799,22.652288,20.214964,2.174139,0.033173,2.918635,72.841515,
Subsample_3 10 (Okisutch),Length 103,0:00:03:51.41888/60000,231.698135,21.143169,21.383663,1.599534,0.02561,2.201102,74.465973,
Subsample_3 10 (Okisutch),Drift_Forage 107,0:00:04:00.395/60000,240.006577,44.906376,23.33626,7.744632,0.141355,1.612658,72.350182,
Subsample_4 11 (Omykiss),Drift_Forage 115,0:00:04:12.395/60000,252.006577,-30.557674,8.438985,12.328672,0.025948,1.110505,75.320068,
Subsample_4 11 (Omykiss),Length 109,0:00:04:00.395/60000,240.006577,-30.588818,8.510283,12.457543,0.027522,1.58754,75.379967,
Subsample_4 11 (Omykiss),Length 114,0:00:04:09.395/60000,249.006577,-25.590504,11.905367,11.280972,0.012326,0.856624,75.730057,
Subsample_4 11 (Omykiss),Length 114,0:00:04:09.395/60000,249.006577,-30.043482,8.945792,12.825768,0.032165,0.733978,75.387329,
Subsample_4 11 (Omykiss),Drift_Forage 110,0:00:04:03.395/60000,243.006577,-30.559694,8.85677,13.0037,0.034387,1.163582,75.582207,
Subsample_4 11 (Omykiss),Drift_Forage 113,0:00:04:09.395/60000,249.006577,-30.026884,8.952987,12.8179,0.032077,0.705953,75.384933,
Subsample_4 11 (Omykiss),Length 109,0:00:04:00.395/60000,240.006577,-26.871138,12.399021,11.03073,0.011311,0.436399,76.82692,
Subsample_4 11 (Omykiss),Drift_Forage 112,0:00:04:06.395/60000,246.006577,-30.090473,9.123665,12.605051,0.03001,1.806122,75.586006,
Subsample_4 11 (Omykiss),Length 111,0:00:04:03.395/60000,243.006577,-30.435696,8.690975,13.027909,0.034178,1.667981,75.37394,
Subsample_4 11 (Omykiss),Length 111,0:00:04:03.395/60000,243.006577,-25.897184,11.641297,11.896125,0.020979,1.106403,75.574257,
Subsample_4 11 (Omykiss),Drift_Forage 116,0:00:04:15.395/60000,255.006577,-30.960842,7.794116,12.162962,0.023504,1.119451,75.044914,
Subsample_4 11 (Omykiss),Drift_Forage 108,0:00:04:00.395/60000,240.006577,-30.635191,8.594416,12.411424,0.027189,1.504056,75.480484,
Subsample_4 11 (Omykiss),Drift_Forage 117,0:00:04:18.395/60000,258.006592,-30.996244,7.200426,12.510031,0.02623,1.768701,74.541115,
Subsample_4 11 (Omykiss),Drift_Forage 118,0:00:04:21.395/60000,261.006592,-31.031397,7.578411,11.933863,0.02095,1.185983,74.939987,
Subsample_4 11 (Omykiss),Drift_Forage 119,0:00:04:24.395/60000,264.006592,-31.038284,7.382028,12.382677,0.025247,1.509551,74.727913,
Subsample_4 11 (Omykiss),Drift_Forage 120,0:00:04:27.395/60000,267.006592,-30.734951,8.080538,12.547264,0.027844,1.857592,75.101227,
Subsample_4 11 (Omykiss),Drift_Forage 121,0:00:04:30.395/60000,270.006592,-30.500679,8.508602,12.6197,0.029261,1.14856,75.309242,
Subsample_4 12 (Okisutch),Drift_Forage 123,0:00:04:03.395/60000,243.006577,48.837521,23.68729,9.845806,0.122109,1.182544,72.606842,
Subsample_4 12 (Okisutch),Drift_Forage 122,0:00:04:00.395/60000,240.006577,45.039738,23.583334,7.680876,0.143844,1.79647,72.61348,
Subsample_4 12 (Okisutch),Drift_Forage 124,0:00:04:06.395/60000,246.006577,52.243008,24.372482,12.080979,0.091705,0.79078,73.350723,
Subsample_4 12 (Okisutch),Drift_Forage 125,0:00:04:09.395/60000,249.006577,54.695778,23.858971,14.388877,0.051726,0.757435,72.951111,
Subsample_5 13 (Omykiss),Drift_Forage 129,0:00:06:30.395/60000,390.006592,-13.6899,0.044163,12.509172,0.02621,0.893729,59.662899,
Subsample_4 12 (Okisutch),Length 127,0:00:04:00.395/60000,240.006577,45.023087,23.667418,7.679698,0.14393,2.326818,72.694344,
Subsample_5 13 (Omykiss),Drift_Forage 131,0:00:06:36.395/60000,396.006592,-14.37745,-1.202235,11.769453,0.033222,0.744293,58.979858,
Subsample_4 12 (Okisutch),Length 128,0:00:04:09.395/60000,249.006577,54.47636,23.573555,14.437475,0.049598,0.73365,72.624107,
Subsample_4 12 (Okisutch),Drift_Forage 126,0:00:04:12.395/60000,252.006577,55.73877,23.339039,15.073475,0.041082,0.565437,72.57309,
Subsample_5 13 (Omykiss),Drift_Forage 130,0:00:06:33.395/60000,393.006592,-13.837792,-1.006487,9.660345,0.028346,0.13836,59.305729,
Subsample_4 12 (Okisutch),Length 128,0:00:04:09.395/60000,249.006577,47.172737,24.086058,12.630464,0.058019,0.136181,72.320778,
Subsample_4 12 (Okisutch),Length 127,0:00:04:00.395/60000,240.006577,37.825573,23.983746,5.956691,0.125784,1.984703,73.291512,
Subsample_5 13 (Omykiss),Length 132,0:00:06:36.395/60000,396.006592,-10.332106,2.016682,9.404191,0.00334,0.852979,60.655418,
Subsample_5 13 (Omykiss),Length 132,0:00:06:36.395/60000,396.006592,-14.321056,-1.259934,11.748371,0.033582,0.483297,58.907555,
Subsample_5 13 (Omykiss),Drift_Forage 133,0:00:06:39.395/60000,399.006592,-15.962735,-3.887674,13.263625,0.051677,2.319447,57.146667,
Subsample_5 13 (Omykiss),Drift_Forage 136,0:00:06:42.395/60000,402.006592,-16.12569,-6.092714,12.528745,0.076922,1.721854,55.459599,
Subsample_5 13 (Omykiss),Drift_Forage 138,0:00:06:48.395/60000,408.006592,-17.681627,-0.726423,11.69351,0.032242,0.944444,60.945194,
Subsample_5 13 (Omykiss),Drift_Forage 137,0:00:06:45.395/60000,405.006592,-15.656535,2.435479,12.857511,0.020246,0.581026,62.591038,
Subsample_5 13 (Omykiss),Drift_Forage 139,0:00:06:51.395/60000,411.006592,-19.163017,-1.424518,11.742021,0.03777,0.971844,61.0788,
Subsample_5 13 (Omykiss),Drift_Forage 141,0:00:06:57.395/60000,417.006592,-20.182798,-3.250389,15.464918,0.037134,2.705901,59.578579,
Subsample_5 13 (Omykiss),Drift_Forage 140,0:00:06:54.395/60000,414.006592,-20.169086,-2.457029,13.524416,0.041534,2.070548,60.467396,
Subsample_5 13 (Omykiss),Length 143,0:00:06:57.395/60000,417.006592,-20.165064,-3.30766,15.510542,0.037017,2.745274,59.516396,
Subsample_5 13 (Omykiss),Length 143,0:00:06:57.395/60000,417.006592,-16.6036,0.594735,13.512071,0.029373,1.079728,61.308105,
Subsample_5 13 (Omykiss),Drift_Forage 142,0:00:07:00.395/60000,420.006592,-19.554798,-3.947975,16.862404,0.030542,3.557593,58.525658,
Subsample_5 13 (Omykiss),Length 144,0:00:07:00.395/60000,420.006592,-19.540291,-3.921409,16.92712,0.030195,3.473664,58.534863,
Subsample_5 14 (Omykiss),Search_Forage 146,0:00:06:33.395/60000,393.006592,22.077633,5.740751,18.265329,0.051701,0.015444,56.054115,
Subsample_5 13 (Omykiss),Length 144,0:00:07:00.395/60000,420.006592,-16.376324,0.310441,15.346034,0.034959,1.383318,60.734909,
Subsample_5 14 (Omykiss),Search_Forage 145,0:00:06:30.395/60000,390.006592,1.951003,20.231867,21.684807,0.070562,1.21294,73.967308,
Subsample_5 14 (Omykiss),Search_Forage 147,0:00:06:35.395/60000,395.006592,40.360245,4.308479,21.480764,0.086793,1.060704,51.347309,
Subsample_5 14 (Omykiss),Length 148,0:00:06:34.25642/60000,394.427368,34.216885,3.205863,20.493631,0.081854,1.00747,50.664852,
Subsample_5 14 (Omykiss),Length 148,0:00:06:34.25642/60000,394.427368,29.388245,2.942548,19.749451,0.071534,0.52769,51.262474,
Subsample_5 14 (Omykiss),Length 149,0:00:06:34.42659/60000,394.710999,32.41227,4.047843,20.529945,0.084875,0.910537,51.737473,
Subsample_5 14 (Omykiss),Length 149,0:00:06:34.42659/60000,394.710999,37.386368,4.237943,20.91433,0.086875,0.464686,51.387413,
Subsample_5 15 (Omykiss),Drift_Forage 150,0:00:06:30.395/60000,390.006592,15.452,21.480284,25.551214,0.022727,2.52053,72.803055,
Subsample_5 15 (Omykiss),Drift_Forage 151,0:00:06:33.395/60000,393.006592,14.94146,19.187593,26.014481,0.024946,2.110232,70.842918,
Subsample_5 15 (Omykiss),Length 153,0:00:06:36.395/60000,396.006592,16.101858,26.943647,26.374243,0.017155,1.188112,77.776833,
Subsample_5 15 (Omykiss),Length 153,0:00:06:36.395/60000,396.006592,11.376646,25.653502,25.554422,0.026926,1.399157,78.1502,
Subsample_5 15 (Omykiss),Drift_Forage 152,0:00:06:36.395/60000,396.006592,11.37882,25.592571,25.562218,0.026725,1.632526,78.092918,
Subsample_5 15 (Omykiss),Drift_Forage 159,0:00:06:48.395/60000,408.006592,20.959175,25.592369,24.368664,0.055393,1.627028,75.07225,
Subsample_5 15 (Omykiss),Drift_Forage 157,0:00:06:45.395/60000,405.006592,11.611193,26.928522,24.814606,0.028395,2.325437,79.242004,
Subsample_5 15 (Omykiss),Drift_Forage 154,0:00:06:39.395/60000,399.006592,8.648345,23.831715,23.778713,0.043083,1.370206,76.991669,
Subsample_5 15 (Omykiss),Length 158,0:00:06:42.395/60000,402.006592,10.907174,20.763676,20.591377,0.010032,0.985368,73.841118,
Subsample_5 15 (Omykiss),Length 155,0:00:06:39.395/60000,399.006592,13.480516,23.473249,25.354424,0.000975,1.399417,75.353226,
Subsample_5 15 (Omykiss),Drift_Forage 156,0:00:06:42.395/60000,402.006592,5.833257,20.283167,20.095591,0.036491,0.772459,73.613846,
Subsample_5 15 (Omykiss),Length 155,0:00:06:39.395/60000,399.006592,8.616928,23.94907,23.774086,0.043705,0.903572,77.110085,
Subsample_5 15 (Omykiss),Length 158,0:00:06:42.395/60000,402.006592,5.8156,20.290276,20.088015,0.036575,0.745288,73.622551,
Subsample_5 15 (Omykiss),Drift_Forage 161,0:00:06:54.395/60000,414.006592,15.566965,22.625849,24.391991,0.01813,1.574542,73.830116,
Subsample_5 15 (Omykiss),Drift_Forage 160,0:00:06:51.395/60000,411.006592,19.978947,22.571234,28.965345,0.08169,3.20694,72.582321,
Subsample_5 15 (Omykiss),Drift_Forage 162,0:00:06:57.395/60000,417.006592,11.987823,23.393911,25.821377,0.014459,1.825124,75.830742,
Subsample_5 15 (Omykiss),Drift_Forage 163,0:00:07:00.395/60000,420.006592,14.536018,27.092579,27.544935,0.00384,2.595084,78.45871,
Subsample_5 16 (Okisutch),Search_Forage 164,0:00:06:42.395/60000,402.006592,48.9235,14.527243,7.029369,0.152071,2.116292,64.431068,
Subsample_5 16 (Okisutch),Search_Forage 165,0:00:06:45.395/60000,405.006592,41.273911,11.753334,5.014964,0.141696,1.494745,61.776165,
Subsample_5 16 (Okisutch),Search_Forage 166,0:00:06:47.395/60000,407.006592,47.956833,7.092026,7.193985,0.11026,3.06703,57.189724,
Subsample_6 17 (Omykiss),Drift_Forage 169,0:00:08:00.395/60000,480.006592,10.553918,16.066872,20.86545,0.000092,0.917281,69.14753,
Subsample_5 16 (Okisutch),Length 168,0:00:06:44.23239/60000,404.387329,42.805843,12.977901,5.58089,0.144366,2.151579,62.815926,
Subsample_6 17 (Omykiss),Drift_Forage 170,0:00:08:03.395/60000,483.006592,6.507578,16.052048,22.254284,0.02973,1.171001,69.327408,
Subsample_5 16 (Okisutch),Length 167,0:00:06:44.15231/60000,404.253845,43.17667,13.257956,5.535695,0.147726,1.889785,63.112885,
Subsample_5 16 (Okisutch),Length 167,0:00:06:44.15231/60000,404.253845,51.212296,14.908811,5.352518,0.188839,2.423074,65.603668,
Subsample_5 16 (Okisutch),Length 168,0:00:06:44.23239/60000,404.387329,51.001545,15.274968,5.232829,0.192507,2.978777,65.948593,
Subsample_6 17 (Omykiss),Length 171,0:00:08:00.395/60000,480.006592,15.757821,15.881818,21.498734,0.030513,0.339261,67.493721,
Subsample_6 17 (Omykiss),Length 171,0:00:08:00.395/60000,480.006592,10.564642,15.898765,20.861429,0.000394,1.092952,68.979309,
Subsample_6 17 (Omykiss),Drift_Forage 173,0:00:08:06.395/60000,486.006592,-0.461419,17.950447,23.13685,0.089603,0.625593,72.09639,
Subsample_6 17 (Omykiss),Length 172,0:00:08:03.395/60000,483.006592,11.645617,16.012505,21.927614,0.005049,1.300272,69.075989,
Subsample_6 17 (Omykiss),Drift_Forage 174,0:00:08:09.395/60000,489.006592,-5.96493,20.336172,23.581335,0.142266,1.252813,75.566612,
Subsample_6 17 (Omykiss),Length 172,0:00:08:03.395/60000,483.006592,6.492396,16.004784,22.269781,0.029755,1.262477,69.281601,
Subsample_6 17 (Omykiss),Drift_Forage 175,0:00:08:12.395/60000,492.006592,-17.395208,19.151602,24.195642,0.213297,0.342468,77.972458,
Subsample_6 17 (Omykiss),Drift_Forage 176,0:00:08:15.395/60000,495.006592,-13.98216,19.801207,23.373255,0.187805,0.723207,77.344276,
Subsample_6 17 (Omykiss),Length 180,0:00:08:21.395/60000,501.006592,5.612878,21.207008,25.787588,0.067605,1.250655,74.648415,
Subsample_6 17 (Omykiss),Drift_Forage 178,0:00:08:21.395/60000,501.006592,0.428975,22.276934,24.81012,0.111993,1.100509,76.272568,
Subsample_6 17 (Omykiss),Drift_Forage 182,0:00:08:30.395/60000,510.006592,-21.439043,19.664572,23.29278,0.223122,0.083198,80.022896,
Subsample_6 17 (Omykiss),Drift_Forage 181,0:00:08:27.395/60000,507.006592,-22.0688,20.614349,23.788166,0.240305,0.014965,81.160004,
Subsample_6 17 (Omykiss),Drift_Forage 179,0:00:08:24.395/60000,504.006592,-12.589611,24.351517,24.504801,0.219448,0.454584,81.245834,
Subsample_6 17 (Omykiss),Length 180,0:00:08:21.395/60000,501.006592,0.432843,22.129826,24.754049,0.110991,1.009061,76.124397,
Subsample_6 17 (Omykiss),Search_Forage 177,0:00:08:18.395/60000,498.006592,9.459368,22.880774,27.023039,0.038491,2.148952,76.169907,
Subsample_6 18 (Omykiss),Search_Forage 183,0:00:08:15.395/60000,495.006592,22.85243,-3.962516,18.414503,0.026686,0.154932,46.734104,
Subsample_6 18 (Omykiss),Length 184,0:00:08:15.395/60000,495.006592,22.845657,-3.894532,18.437721,0.0273,0.075284,46.796337,
Subsample_6 18 (Omykiss),Search_Forage 185,0:00:08:18.395/60000,498.006592,3.522006,-9.642806,18.036297,0.045874,3.961712,44.372055,
Subsample_6 18 (Omykiss),Length 184,0:00:08:15.395/60000,495.006592,27.704803,-3.927209,18.288391,0.027562,1.195862,45.20652,
Subsample_6 18 (Omykiss),Search_Forage 186,0:00:08:21.395/60000,501.006592,-19.010666,-8.87158,15.947102,0.049387,4.056489,54.23634,
Subsample_6 18 (Omykiss),Search_Forage 187,0:00:08:24.395/60000,504.006592,6.556968,-2.73539,17.371771,0.007104,0.586902,50.794159,
Subsample_6 18 (Omykiss),Search_Forage 188,0:00:08:27.395/60000,507.006592,27.485966,1.816277,20.145166,0.071197,1.171858,50.578163,
Subsample_6 18 (Omykiss),Length 189,0:00:08:26.18348/60000,506.305786,28.154335,-1.659891,18.144104,0.037595,0.487305,47.271748,
Subsample_6 18 (Omykiss),Length 189,0:00:08:26.18348/60000,506.305786,23.713905,-2.934174,17.961515,0.027786,1.154951,47.432384,
Subsample_6 18 (Omykiss),Search_Forage 190,0:00:08:28.395/60000,508.006592,35.870716,6.374202,21.644958,0.104452,0.717976,53.578487,
Subsample_6 18 (Omykiss),Length 191,0:00:08:28.2452/60000,508.040863,36.290321,6.267085,21.822277,0.106243,1.265401,53.431301,
Subsample_6 18 (Omykiss),Length 191,0:00:08:28.2452/60000,508.040863,31.689114,4.607445,20.847923,0.08956,1.691881,52.381008,
Subsample_6 19 (Omykiss),Drift_Forage 192,0:00:08:21.395/60000,501.006592,-22.70887,-29.283552,12.422365,1.169798,1.187617,43.004707,
Subsample_6 19 (Omykiss),Length 194,0:00:08:24.395/60000,504.006592,-23.625711,-27.00758,11.560619,1.038053,1.260193,45.208927,
Subsample_6 19 (Omykiss),Drift_Forage 193,0:00:08:24.395/60000,504.006592,-23.688078,-26.968407,11.549685,1.034354,0.66506,45.28297,
Subsample_6 19 (Omykiss),Length 194,0:00:08:24.395/60000,504.006592,-24.590929,-22.284872,9.347749,0.831002,1.536749,49.310081,
Subsample_6 19 (Omykiss),Drift_Forage 195,0:00:08:27.395/60000,507.006592,-24.779497,-24.629625,11.354573,0.818368,1.063672,47.549488,
Subsample_6 19 (Omykiss),Drift_Forage 196,0:00:08:30.395/60000,510.006592,-25.691687,-21.529154,11.752361,0.540972,2.374971,50.065708,
Subsample_6 19 (Omykiss),Length 197,0:00:08:27.395/60000,507.006592,-24.948284,-20.121809,9.296054,0.659267,0.388803,50.95882,
Subsample_6 19 (Omykiss),Length 197,0:00:08:27.395/60000,507.006592,-24.725769,-24.654873,11.362367,0.820319,1.390263,47.491245,
Subsample_6 19 (Omykiss),Length 198,0:00:08:30.395/60000,510.006592,-25.740801,-21.483639,11.762931,0.536854,2.284773,50.129169,
Subsample_6 19 (Omykiss),Length 198,0:00:08:30.395/60000,510.006592,-25.375031,-17.022007,9.431192,0.456341,0.425565,53.281666,